UK-01313	F514
UK-01314	F6C5
UK-01315	F6C6
UK-01316	F57F
UK-01317	F6C7
UK-01318	F6C8
UK-01319	F537
UK-01320	F6C9
UK-01321	F6CA
UK-01322	F6CB
UK-01323	F6CC
UK-01324	F6CE
UK-01325	F6CF
UK-01326	F6D0
UK-01327	F6D1
UK-01328	F6D2
UK-01329	F6D3
UK-01330	F6D4
UK-01331	F6D5
UK-01332	F6D6
UK-01333	F6D7
UK-01334	F6D8
UK-01335	F6D9
UK-01336	F167
UK-01337	F6DA
UK-01338	F6DB
UK-01339	F6DC
UK-01340	F524
UK-01341	F6DD
UK-01342	F6DE
UK-01343	F500
UK-01344	F6DF
UK-01345	F6E0
UK-01346	F6E1
UK-01347	F6E2
UK-01348	F6E3
UK-01349	F6E4
UK-01350	F6E5
UK-01351	F6E6
UK-01352	F52D
UK-01353	F6E7
UK-01354	F6E8
UK-01355	F6E9
UK-01356	F6EA
UK-01357	F4F1
UK-01358	F6EB
UK-01359	F6EC
UK-01360	F6ED
UK-01361	F511
UK-01362	F6EE
UK-01363	F6EF
UK-01364	F6F0
UK-01365	F6F1
UK-01366	F6F2
UK-01367	F6F3
UK-01368	F6F4
UK-01369	F6F5
UK-01370	F505
UK-01371	F6F6
UK-01372	F6F7
UK-01373	F6F8
UK-01374	F6F9
UK-01375	F6FA
UK-01376	F6FB
UK-01377	F6FC
UK-01378	F6FF
UK-01379	F700
UK-01380	F701
UK-01381	F4EE
UK-01382	F702
UK-01383	F4F4
UK-01384	F703
UK-01385	F704
UK-01386	F705
UK-01387	F706
UK-01388	F707
UK-01389	F708
UK-01390	F709
UK-01391	F70A
UK-01392	F70B
UK-01393	F70C
UK-01394	F2ED
UK-01395	F70D
UK-01396	F70E
UK-01397	F70F
UK-01398	F711
UK-01399	F712
UK-01400	F713
UK-01401	F714
UK-01402	F715
UK-01403	F716
UK-01404	F717
UK-01405	F718
UK-01406	F719
UK-01407	F71A
UK-01408	F71B
UK-01409	F4EF
UK-01410	F71C
UK-01411	F71D
UK-01412	F71E
UK-01413	F71F
UK-01414	F720
UK-01415	F721
UK-01416	F722
UK-01417	F723
UK-01418	F724
UK-01419	F725
UK-01420	F726
UK-01421	F727
UK-01422	F640
UK-01423	F728
UK-01424	F729
UK-01425	F72A
UK-01426	F72B
UK-01427	F72D
UK-01428	F72E
UK-01429	F72F
UK-01430	F730
UK-01431	F731
UK-01432	F732
UK-01433	F733
UK-01434	F734
UK-01435	F735
UK-01436	F736
UK-01437	F737
UK-01438	F739
UK-01439	F73A
UK-01440	F73B
UK-01441	F73C
UK-01442	F73D
UK-01443	F73E
UK-01444	F73F
UK-01445	F51C
UK-01446	F516
UK-01447	F501
UK-01448	F502
UK-01449	F503
UK-01450	F515
UK-01451	F506
UK-01452	F507
UK-01453	F504
UK-01454	F50A
UK-01455	F509
UK-01456	F50B
UK-01457	F50C
UK-01458	F50E
UK-01459	F50F
UK-01460	F510
UK-01461	F512
UK-01462	F513
UK-01463	F3BE
UK-01464	F3C0
UK-01465	F3C1
UK-01466	F3C2
UK-01467	F3C3
UK-01468	F3BC
UK-01469	F3BD
UK-01470	F3C4
UK-01471	F3C5
UK-01472	F3C6
UK-01473	F3C8
UK-01474	F3CA
UK-01475	F3CB
UK-01476	EFC7
UK-01477	F257
UK-01478	F259
UK-01479	F25A
UK-01480	F25C
UK-01481	F25D
UK-01482	F600
UK-01483	F601
UK-01484	F602
UK-01485	F603
UK-01486	F604
UK-01487	F605
UK-01488	F606
UK-01489	F63B
UK-01490	F607
UK-01491	F608
UK-01492	F609
UK-01493	F60B
UK-01494	F60C
UK-01495	F60D
UK-01496	F60E
UK-01497	F60F
UK-01498	F610
UK-01499	F611
UK-01500	F612
UK-01501	F613
UK-01502	F614
UK-01503	F615
UK-01504	F616
UK-01505	F617
UK-01506	F618
UK-01507	F619
UK-01508	F61A
UK-01509	F61B
UK-01510	F61C
UK-01511	F61D
UK-01512	F63C
UK-01513	F61F
UK-01514	F620
UK-01515	F621
UK-01516	F622
UK-01517	F623
UK-01518	F624
UK-01519	F625
UK-01520	F626
UK-01521	F627
UK-01522	F62A
UK-01523	F62B
UK-01524	F62C
UK-01525	F62D
UK-01526	F62E
UK-01527	F62F
UK-01528	F630
UK-01529	F631
UK-01530	F696
UK-01531	F632
UK-01532	F633
UK-01533	F635
UK-01534	F636
UK-01535	F637
UK-01536	F638
UK-01537	F639
UK-01538	F63D
UK-01539	F63E
UK-01540	F641
UK-01541	F642
UK-01542	F644
UK-01543	F645
UK-01544	F646
UK-01545	F647
UK-01546	F648
UK-01547	F649
UK-01548	F64A
UK-01549	F643
UK-01550	F64C
UK-01551	F64D
UK-01552	F64F
UK-01553	F650
UK-01554	F651
UK-01555	F652
UK-01556	F653
UK-01557	F654
UK-01558	F655
UK-01559	F656
UK-01560	F657
UK-01561	F658
UK-01562	F659
UK-01563	F65A
UK-01564	F65B
UK-01565	F65C
UK-01566	F65D
UK-01567	F65E
UK-01568	F65F
UK-01569	F660
UK-01570	F661
UK-01571	F662
UK-01572	F663
UK-01573	F664
UK-01574	F665
UK-01575	F666
UK-01576	F667
UK-01577	F668
UK-01578	F669
UK-01579	F66A
UK-01580	F66B
UK-01581	F66C
UK-01582	F66D
UK-01583	F66E
UK-01584	F66F
UK-01585	F670
UK-01586	F671
UK-01587	F672
UK-01588	F673
UK-01589	F674
UK-01590	F676
UK-01591	F677
UK-01592	F678
UK-01593	F679
UK-01594	F67A
UK-01595	F67B
UK-01596	F67C
UK-01597	F67D
UK-01598	F67E
UK-01599	F67F
UK-01600	F681
UK-01601	F628
UK-01602	F682
UK-01603	F684
UK-01604	F685
UK-01605	F686
UK-01606	F688
UK-01607	F689
UK-01608	F68A
UK-01609	F68B
UK-01610	F68C
UK-01611	F68D
UK-01612	F68F
UK-01613	F690
UK-01614	F691
UK-01615	F692
UK-01616	F693
UK-01617	F629
UK-01618	F694
UK-01619	F695
UK-01620	F64B
UK-01621	F698
UK-01622	F699
UK-01623	F69A
UK-01624	F69B
UK-01625	F69C
UK-01626	F69D
UK-01627	F69E
UK-01628	F69F
UK-01629	F6A0
UK-01630	F6A1
UK-01631	F6A2
UK-01632	F6A3
UK-01633	F6A4
UK-01634	F6A5
UK-01635	F6A6
UK-01636	F6A7
UK-01637	F6A8
UK-01638	F6A9
UK-01639	F6AA
UK-01640	F6AB
UK-01641	F6AC
UK-01642	F6AD
UK-01643	F6AE
UK-01644	F6AF
UK-01645	F6C1
UK-01646	F6C2
UK-01647	F6C3
UK-01648	F6B6
UK-01649	F680
UK-01650	F6BA
UK-01651	F6B7
UK-01652	F6B9
UK-01653	F6B0
UK-01654	F6B1
UK-01655	F6B2
UK-01656	F6B5
UK-01657	F6BC
UK-01658	F6BE
UK-01659	F4DD
UK-01660	F2D3
UK-01661	F2D4
UK-01662	F223
UK-01663	F21A
UK-01664	F21D
UK-01665	F24E
UK-01666	F251
UK-01667	F4F6
UK-01668	F4F9
UK-01669	F4FB
UK-01670	F292
UK-01671	EF8B
UK-01672	EBE7
UK-01673	EBE8
UK-01674	EBE9
UK-01675	EBEA
UK-01676	EBEB
UK-01677	EBEC
UK-01678	EBED
UK-01679	EBEE
UK-01680	EBEF
UK-01681	EBF0
UK-01682	EBF1
UK-01683	EBF2
UK-01684	EBF3
UK-01685	EBF4
UK-01686	EBF5
UK-01687	EBF6
UK-01688	EBF7
UK-01689	EBF8
UK-01690	EBF9
UK-01691	EBFA
UK-01692	EBFB
UK-01693	EBFC
UK-01694	EBFD
UK-01695	EBFE
UK-01696	EBFF
UK-01697	EC00
UK-01698	EC01
UK-01699	EC02
UK-01700	EC03
UK-01701	EC04
UK-01702	EC05
UK-01703	EC06
UK-01704	EC07
UK-01705	EC08
UK-01706	EC09
UK-01707	EC0A
UK-01708	EC0B
UK-01709	EC0C
UK-01710	EC0D
UK-01711	EC0E
UK-01712	EC0F
UK-01713	EC10
UK-01714	EC11
UK-01715	EC12
UK-01716	EC13
UK-01717	EC14
UK-01718	EC15
UK-01719	EC16
UK-01720	EC17
UK-01721	EC18
UK-01722	EC19
UK-01723	EC1A
UK-01724	EC1B
UK-01725	EC1C
UK-01726	EC1D
UK-01727	EC1E
UK-01728	EC1F
UK-01729	EC20
UK-01730	EC21
UK-01731	EC22
UK-01732	EC23
UK-01733	EC24
UK-01734	EC25
UK-01735	EC26
UK-01736	EC27
UK-01737	EC28
UK-01738	EC29
UK-01739	EC2A
UK-01740	EC2B
UK-01741	EC2C
UK-01742	EC2D
UK-01743	EC2E
UK-01744	EC2F
UK-01745	EC30
UK-01746	EC31
UK-01747	EC32
UK-01748	EC33
UK-01749	EC34
UK-01750	EC35
UK-01751	EC36
UK-01752	EC37
UK-01753	EC38
UK-01754	EC39
UK-01755	EC3A
UK-01756	EC3B
UK-01757	EC3C
UK-01758	EC3D
UK-01759	EC3E
UK-01760	EC3F
UK-01761	EC40
UK-01762	EC41
UK-01763	EC42
UK-01764	EC43
UK-01765	EC44
UK-01766	EC45
UK-01767	EC46
UK-01768	EC47
UK-01769	EB8D
UK-01770	EC48
UK-01771	EC49
UK-01772	EC4A
UK-01773	EC4B
UK-01774	EC4C
UK-01775	EC4D
UK-01776	EC4E
UK-01777	EC4F
UK-01778	EC50
UK-01779	EC51
UK-01780	EC52
UK-01781	EC53
UK-01782	EC54
UK-01783	EC55
UK-01784	EFA6
UK-01785	EC56
UK-01786	EC57
UK-01787	EC58
UK-01788	EC59
UK-01789	EC5A
UK-01790	EC5B
UK-01791	EC5C
UK-01792	EC5D
UK-01793	EC5E
UK-01794	EC5F
UK-01795	EC60
UK-01796	EC61
UK-01797	EC62
UK-01798	EC63
UK-01799	EC64
UK-01800	EC65
UK-01801	EC66
UK-01802	EC67
UK-01803	EC68
UK-01804	EC69
UK-01805	EC6A
UK-01806	EC6B
UK-01807	EC6C
UK-01808	EC6D
UK-01809	EC6E
UK-01810	EC6F
UK-01811	EC70
UK-01812	EC71
UK-01813	EC72
UK-01814	EC73
UK-01815	EC74
UK-01816	EC75
UK-01817	EC76
UK-01818	EC77
UK-01819	EC78
UK-01820	EC79
UK-01821	EC7A
UK-01822	EC7B
UK-01823	EC7C
UK-01824	EC7D
UK-01825	EC7E
UK-01826	EC7F
UK-01827	EC80
UK-01828	EC81
UK-01829	EC82
UK-01830	EC83
UK-01831	EC84
UK-01832	EC85
UK-01833	EC86
UK-01835	EC87
UK-01836	EC88
UK-01837	EC89
UK-01838	EC8A
UK-01839	EC8B
UK-01840	EC8C
UK-01841	EC8D
UK-01842	EC8E
UK-01843	EC8F
UK-01844	EC90
UK-01845	EC91
UK-01846	EC92
UK-01847	EC93
UK-01848	EC94
UK-01849	EC95
UK-01850	EC96
UK-01851	EC97
UK-01852	EC98
UK-01853	EC99
UK-01854	EC9A
UK-01855	EC9B
UK-01856	EC9C
UK-01857	EC9D
UK-01858	EC9E
UK-01859	EC9F
UK-01860	ECA0
UK-01861	ECA1
UK-01862	ECA2
UK-01863	ECA3
UK-01864	ECA4
UK-01865	ECA5
UK-01866	ECA6
UK-01867	ECA7
UK-01868	ECA8
UK-01869	ECA9
UK-01870	ECAA
UK-01871	ECAB
UK-01872	ECAC
UK-01873	ECAD
UK-01874	ECAE
UK-01875	ECAF
UK-01876	ECB0
UK-01877	ECB1
UK-01878	ECB2
UK-01879	ECB3
UK-01880	ECB4
UK-01881	ECB5
UK-01882	ECB6
UK-01883	ECB7
UK-01884	ECB8
UK-01885	ECB9
UK-01886	ECBA
UK-01887	ECBB
UK-01888	ECBC
UK-01889	ECBD
UK-01890	ECBE
UK-01891	ECBF
UK-01892	ECC0
UK-01893	ECC1
UK-01894	ECC2
UK-01895	ECC3
UK-01896	ECC4
UK-01897	ECC5
UK-01898	ECC6
UK-01899	ECC7
UK-01900	ECC8
UK-01901	ECC9
UK-01902	ECCA
UK-01903	ECCB
UK-01904	ECCC
UK-01905	ECCD
UK-01906	ECCE
UK-01907	ECCF
UK-01908	ECD0
UK-01909	ECD1
UK-01910	ECD2
UK-01911	ECD3
UK-01912	ECD4
UK-01913	ECD5
UK-01914	ECD6
UK-01915	ECD7
UK-01916	ECD8
UK-01917	ECD9
UK-01918	ECDA
UK-01919	ECDB
UK-01920	ECDC
UK-01921	ECDD
UK-01922	ECDE
UK-01923	ECDF
UK-01924	ECE0
UK-01925	ECE1
UK-01926	ECE2
UK-01927	ECE3
UK-01928	ECE4
UK-01929	ECE5
UK-01930	ECE6
UK-01931	ECE7
UK-01932	ECE8
UK-01933	ECE9
UK-01934	ECEA
UK-01935	ECEB
UK-01936	ECEC
UK-01937	ECED
UK-01938	ECEE
UK-01939	ECEF
UK-01940	ECF0
UK-01941	F3B9
UK-01942	ECF1
UK-01943	ECF2
UK-01944	ECF3
UK-01945	ECF4
UK-01946	ECF5
UK-01947	ECF6
UK-01948	ECF7
UK-01949	F08E
UK-01950	EF8C
UK-01951	ECF8
UK-01952	ECF9
UK-01953	ECFA
UK-01954	ECFB
UK-01955	ECFC
UK-01956	ECFD
UK-01957	ECFE
UK-01958	ECFF
UK-01959	ED00
UK-01960	ED01
UK-01961	ED02
UK-01962	ED03
UK-01963	ED04
UK-01964	ED05
UK-01965	ED06
UK-01966	ED07
UK-01967	F46A
UK-01968	ED08
UK-01969	ED09
UK-01970	ED0A
UK-01971	ED0B
UK-01972	ED0C
UK-01973	ED0D
UK-01974	ED0E
UK-01975	ED0F
UK-01976	ED10
UK-01977	ED11
UK-01978	ED12
UK-01979	ED13
UK-01980	ED14
UK-01981	ED15
UK-01982	ED16
UK-01983	ED17
UK-01984	ED18
UK-01985	ED19
UK-01986	ED1A
UK-01987	ED1B
UK-01988	ED1C
UK-01989	ED1D
UK-01990	ED1E
UK-01991	ED1F
UK-01992	ED20
UK-01993	ED21
UK-01994	ED22
UK-01995	ED23
UK-01996	ED24
UK-01997	ED25
UK-01998	ED26
UK-01999	ED27
UK-02000	ED28
UK-02001	ED29
UK-02002	ED2A
UK-02003	ED2B
UK-02004	ED2C
UK-02005	ED2D
UK-02006	ED2E
UK-02007	ED2F
UK-02008	ED30
UK-02009	ED31
UK-02010	ED32
UK-02011	ED33
UK-02012	ED34
UK-02013	ED35
UK-02014	ED36
UK-02015	ED37
UK-02016	ED38
UK-02017	ED39
UK-02018	ED3A
UK-02019	ED3B
UK-02020	ED3C
UK-02021	ED3D
UK-02022	ED3E
UK-02023	ED3F
UK-02024	ED40
UK-02025	ED41
UK-02026	ED42
UK-02027	ED43
UK-02028	ED44
UK-02029	ED45
UK-02030	ED46
UK-02031	ED47
UK-02032	ED48
UK-02033	ED49
UK-02034	ED4A
UK-02035	ED4B
UK-02036	ED4C
UK-02037	ED4D
UK-02038	ED4E
UK-02039	ED4F
UK-02040	ED50
UK-02041	ED51
UK-02042	ED52
UK-02043	ED53
UK-02044	F2EF
UK-02045	ED54
UK-02046	ED55
UK-02047	ED56
UK-02048	F0B6
UK-02049	ED57
UK-02050	ED58
UK-02051	ED59
UK-02052	ED5A
UK-02053	ED5B
UK-02054	ED5C
UK-02055	ED5D
UK-02056	ED5E
UK-02057	ED5F
UK-02058	ED60
UK-02059	ED61
UK-02060	ED62
UK-02061	ED63
UK-02062	ED64
UK-02063	ED65
UK-02064	ED66
UK-02065	ED67
UK-02066	ED68
UK-02067	ED69
UK-02068	ED6A
UK-02069	ED6B
UK-02070	ED6C
UK-02071	ED6D
UK-02072	ED6E
UK-02073	ED6F
UK-02074	ED70
UK-02075	ED71
UK-02076	ED72
UK-02077	ED73
UK-02078	ED74
UK-02079	ED75
UK-02080	ED76
UK-02081	ED77
UK-02082	ED78
UK-02083	ED79
UK-02084	ED7A
UK-02085	ED7B
UK-02086	ED7C
UK-02087	ED7D
UK-02088	ED7E
UK-02089	ED7F
UK-02090	ED80
UK-02091	ED81
UK-02092	ED82
UK-02093	ED83
UK-02094	ED84
UK-02095	ED85
UK-02096	ED86
UK-02097	ED87
UK-02098	ED88
UK-02099	ED89
UK-02100	ED8A
UK-02101	ED8B
UK-02102	ED8C
UK-02103	ED8D
UK-02104	ED8E
UK-02105	ED8F
UK-02106	ED90
UK-02107	ED91
UK-02108	ED92
UK-02109	ED93
UK-02110	ED94
UK-02111	ED95
UK-02112	ED97
UK-02113	ED98
UK-02114	ED99
UK-02115	ED9A
UK-02116	ED9B
UK-02117	ED9C
UK-02118	ED9D
UK-02119	ED9E
UK-02120	ED9F
UK-02121	EDA0
UK-02122	EDA1
UK-02123	EDA2
UK-02124	EDA3
UK-02125	EDA4
UK-02126	EDA5
UK-02127	EDA6
UK-02128	EDA7
UK-02129	EDA8
UK-02130	EDA9
UK-02131	EDAA
UK-02132	EDAB
UK-02133	EDAC
UK-02134	EDAD
UK-02135	EDAE
UK-02136	EDAF
UK-02137	EDB0
UK-02138	EDB1
UK-02139	EBE6
UK-02140	EDB2
UK-02141	EDB3
UK-02142	EDB4
UK-02143	EDB5
UK-02144	EDB6
UK-02145	EDB7
UK-02146	EDB8
UK-02147	EDB9
UK-02148	EDBA
UK-02149	EDBB
UK-02150	EDBC
UK-02151	EDBD
UK-02152	EDBE
UK-02153	EDBF
UK-02154	EDC0
UK-02155	EDC1
UK-02156	EDC2
UK-02157	EDC3
UK-02158	EDC4
UK-02159	EDC5
UK-02160	EDC6
UK-02161	EDC7
UK-02162	EDC8
UK-02163	EDC9
UK-02164	EDCA
UK-02165	EDCB
UK-02166	EDCC
UK-02167	EDCD
UK-02168	EDCE
UK-02169	EDCF
UK-02170	EDD0
UK-02171	EDD1
UK-02172	EDD2
UK-02173	EDD3
UK-02174	EDD4
UK-02175	EDD5
UK-02176	EDD6
UK-02177	EDD7
UK-02178	EDD8
UK-02179	EDD9
UK-02180	EDDA
UK-02181	EDDB
UK-02182	EDDC
UK-02184	EDDE
UK-02185	EDDF
UK-02186	EDE0
UK-02187	EDE1
UK-02188	EDE2
UK-02189	EDE3
UK-02190	EDE4
UK-02191	EDE5
UK-02192	EDE6
UK-02193	EDE7
UK-02194	EDE8
UK-02195	EDE9
UK-02196	EDEA
UK-02197	EDEB
UK-02198	EDEC
UK-02199	EDED
UK-02200	EDEE
UK-02201	EDEF
UK-02202	EDF0
UK-02203	EDF1
UK-02204	EDF2
UK-02205	EDF3
UK-02206	EDF4
UK-02207	EDF5
UK-02208	EDF6
UK-02209	F080
UK-02210	EDF7
UK-02211	EDF8
UK-02212	EDF9
UK-02213	EDFA
UK-02214	EDFB
UK-02215	EDFC
UK-02216	EDFD
UK-02217	EDFE
UK-02218	EDFF
UK-02219	EE00
UK-02220	EE01
UK-02221	EE02
UK-02222	EE03
UK-02223	EE04
UK-02224	EE05
UK-02225	EE06
UK-02226	EE07
UK-02227	EE08
UK-02228	EE09
UK-02229	EE0A
UK-02230	F492
UK-02231	EE0B
UK-02232	EE0C
UK-02233	EE0D
UK-02234	EE0E
UK-02235	EE0F
UK-02236	EE10
UK-02237	EE11
UK-02238	EF9C
UK-02239	EE12
UK-02240	EE13
UK-02241	EE14
UK-02242	EE15
UK-02243	EE16
UK-02244	EE17
UK-02245	EE18
UK-02246	EE19
UK-02247	EE1A
UK-02248	EE1B
UK-02249	EE1C
UK-02250	EE1D
UK-02251	EE1E
UK-02252	EE1F
UK-02253	EE20
UK-02254	EE21
UK-02255	EE22
UK-02256	EE23
UK-02257	EE24
UK-02258	EE25
UK-02259	EE26
UK-02260	EE27
UK-02261	EE28
UK-02262	EE29
UK-02263	EE2A
UK-02264	EE2B
UK-02265	EE2C
UK-02266	EE2D
UK-02267	EE2E
UK-02268	EE2F
UK-02269	EE30
UK-02270	EE31
UK-02271	EE32
UK-02272	EE33
UK-02273	EE34
UK-02274	EE35
UK-02275	EE36
UK-02276	EE38
UK-02277	EE39
UK-02278	EE3A
UK-02279	EE3B
UK-02280	EE3C
UK-02281	EE3D
UK-02282	EE3E
UK-02283	EE3F
UK-02284	EE40
UK-02285	EE41
UK-02286	EE42
UK-02287	EE43
UK-02288	EE44
UK-02289	EE45
UK-02290	EE46
UK-02291	EE47
UK-02292	EE48
UK-02293	EE49
UK-02294	EE4A
UK-02295	EE4B
UK-02296	EE4C
UK-02297	EE4D
UK-02298	EE4E
UK-02299	EE4F
UK-02300	EE50
UK-02301	EE51
UK-02302	EE52
UK-02303	EE53
UK-02304	EE54
UK-02305	EE55
UK-02306	EE56
UK-02307	EE57
UK-02308	EE58
UK-02309	EE59
UK-02310	EE5A
UK-02311	EE5B
UK-02312	EE5C
UK-02313	EE5D
UK-02314	EE5E
UK-02315	EE5F
UK-02316	EE60
UK-02317	EE61
UK-02318	EE62
UK-02319	EE63
UK-02320	EE64
UK-02321	EE65
UK-02322	EE66
UK-02323	EE67
UK-02324	EE68
UK-02325	EE69
UK-02326	EE6A
UK-02327	EE6B
UK-02328	EE6C
UK-02329	EE6D
UK-02330	EE6E
UK-02331	EE6F
UK-02332	EE70
UK-02333	EE71
UK-02334	EE72
UK-02335	EE73
UK-02336	EE74
UK-02337	EE75
UK-02338	EE76
UK-02339	EE77
UK-02340	EE78
UK-02341	EE79
UK-02342	EE7A
UK-02343	EE7B
UK-02344	EE7C
UK-02345	EE7D
UK-02346	EE7E
UK-02347	EE7F
UK-02348	EE80
UK-02349	EE81
UK-02350	EE82
UK-02351	EE83
UK-02352	EE84
UK-02353	EE85
UK-02354	EE86
UK-02355	EE87
UK-02356	EE88
UK-02357	F28C
UK-02358	EE89
UK-02359	EE8A
UK-02360	EE8B
UK-02361	EE8C
UK-02362	EE8D
UK-02363	EE8E
UK-02364	EE8F
UK-02365	EE90
UK-02366	EE91
UK-02367	EE92
UK-02368	EE93
UK-02369	EE94
UK-02370	EE95
UK-02371	EE96
UK-02372	EE97
UK-02373	EE98
UK-02374	EE99
UK-02375	EE9A
UK-02376	EE9B
UK-02377	EE9C
UK-02378	EE9D
UK-02379	EE9E
UK-02380	EE9F
UK-02381	EEA0
UK-02382	EEA1
UK-02383	EEA2
UK-02384	EEA3
UK-02385	EEA4
UK-02386	EEA5
UK-02387	EEA6
UK-02388	EEA7
UK-02389	EEA8
UK-02390	EEA9
UK-02391	EEAA
UK-02392	EEAB
UK-02393	EEAC
UK-02394	EEAD
UK-02395	EEAE
UK-02396	EEAF
UK-02397	EEB0
UK-02398	EEB1
UK-02399	EEB2
UK-02400	EEB3
UK-02401	EEB4
UK-02402	EEB5
UK-02403	EEB6
UK-02404	EEB7
UK-02405	EEB8
UK-02406	EEB9
UK-02407	EEBA
UK-02408	EEBB
UK-02409	EEBC
UK-02410	EEBD
UK-02411	EEBE
UK-02412	EEBF
UK-02413	EEC0
UK-02414	EEC1
UK-02415	EEC2
UK-02416	EEC3
UK-02417	EEC4
UK-02418	EEC5
UK-02419	EEC6
UK-02420	EEC7
UK-02421	EEC8
UK-02422	EEC9
UK-02423	EECA
UK-02424	EECB
UK-02425	EECC
UK-02426	EECD
UK-02427	EECE
UK-02428	EECF
UK-02429	EED0
UK-02430	EED1
UK-02431	EED2
UK-02432	EED3
UK-02433	EED4
UK-02434	EED5
UK-02435	EED6
UK-02436	EED7
UK-02437	EED8
UK-02438	EED9
UK-02439	EEDA
UK-02440	EEDB
UK-02441	EEDC
UK-02442	EEDD
UK-02443	EEDE
UK-02444	EEDF
UK-02445	EEE0
UK-02446	EEE1
UK-02447	EEE2
UK-02448	EEE3
UK-02449	EEE4
UK-02450	EEE5
UK-02451	EEE6
UK-02452	EEE7
UK-02453	EEE8
UK-02454	EEE9
UK-02455	EEEA
UK-02456	EEEB
UK-02457	EEEC
UK-02458	EEED
UK-02459	EEEE
UK-02460	EEEF
UK-02461	EEF0
UK-02462	EEF1
UK-02463	EEF2
UK-02464	EEF3
UK-02465	EEF4
UK-02466	EEF5
UK-02467	EEF6
UK-02468	EEF7
UK-02469	EEF8
UK-02470	EEF9
UK-02471	EEFA
UK-02472	EEFB
UK-02473	EEFC
UK-02474	EEFD
UK-02475	EEFE
UK-02476	EEFF
UK-02477	EF00
UK-02478	EF01
UK-02479	EF02
UK-02480	EF03
UK-02481	EF04
UK-02482	EF05
UK-02483	EF06
UK-02484	EF07
UK-02485	EF08
UK-02486	EF09
UK-02487	EF0A
UK-02488	EF0B
UK-02489	EF0C
UK-02490	EF0D
UK-02491	EF0E
UK-02492	EF0F
UK-02493	EF10
UK-02494	EF11
UK-02495	EF12
UK-02496	EF13
UK-02497	EF14
UK-02498	EF15
UK-02499	EF16
UK-02500	EF17
UK-02501	EF18
UK-02502	EF19
UK-02503	EF1A
UK-02504	EF1B
UK-02505	EF1C
UK-02506	EF1D
UK-02507	EF1E
UK-02508	EF1F
UK-02509	EF20
UK-02510	EF21
UK-02511	EF22
UK-02512	EF23
UK-02513	EF24
UK-02514	EF25
UK-02515	EF26
UK-02516	EF27
UK-02517	EF28
UK-02518	EF29
UK-02519	EF2A
UK-02520	EF2B
UK-02521	EF2C
UK-02522	EF2D
UK-02523	F28E
UK-02524	EF2E
UK-02525	EF2F
UK-02526	EF30
UK-02527	EF31
UK-02528	EF32
UK-02529	EF33
UK-02530	EF34
UK-02531	EF35
UK-02532	EF36
UK-02533	EF37
UK-02534	EF38
UK-02535	EF39
UK-02536	EF3A
UK-02537	EF3B
UK-02538	EF3C
UK-02539	EF3D
UK-02540	EF3E
UK-02541	EF3F
UK-02542	EF40
UK-02543	EF41
UK-02544	EF42
UK-02545	EF43
UK-02546	EF44
UK-02547	EF45
UK-02548	EF46
UK-02549	EF47
UK-02550	EF48
UK-02551	EF49
UK-02552	EF4A
UK-02553	EF4B
UK-02554	EF4C
UK-02555	EF4D
UK-02556	EF4E
UK-02557	EF4F
UK-02558	EF50
UK-02559	EF51
UK-02560	EF52
UK-02561	EF53
UK-02562	EF54
UK-02563	EF55
UK-02564	EF56
UK-02565	EF57
UK-02566	EF58
UK-02567	EF59
UK-02568	EF5A
UK-02569	EF5B
UK-02570	EF5C
UK-02571	EF5D
UK-02572	EF5E
UK-02573	EF5F
UK-02574	EF60
UK-02575	EF61
UK-02576	EF62
UK-02577	EF63
UK-02578	EF64
UK-02579	EF65
UK-02580	EF66
UK-02581	EF67
UK-02582	EF68
UK-02583	EF69
UK-02584	EF6A
UK-02585	EF6B
UK-02586	EF6C
UK-02587	EF6D
UK-02588	EF6E
UK-02589	EF6F
UK-02590	EF70
UK-02591	EF71
UK-02592	EF72
UK-02593	EF73
UK-02594	EF74
UK-02595	EF75
UK-02596	EF76
UK-02597	EF77
UK-02598	EF78
UK-02599	EF79
UK-02600	EF7A
UK-02601	EF7B
UK-02602	EF7C
UK-02603	EF7D
UK-02604	EF7E
UK-02605	EF7F
UK-02606	EF80
UK-02607	EF81
UK-02608	EF82
UK-02609	EF83
UK-02610	EF84
UK-02611	EF85
UK-02612	EF86
UK-02613	EF87
UK-02614	EF88
UK-02615	F490
UK-02616	EBB9
UK-02617	EBBA
UK-02618	EBBB
UK-02619	EBBC
UK-02620	EBBD
UK-02621	EB9F
UK-02622	EBA0
UK-02623	EBA1
UK-02624	EB63
UK-02625	EBA2
UK-02626	EBA3
UK-02627	EB96
UK-02628	EBBE
UK-02629	EBBF
UK-02630	EBA4
UK-02631	EBC0
UK-02632	EB7E
UK-02633	EBC1
UK-02634	EBC2
UK-02636	EBC3
UK-02637	EBC4
UK-02638	EBC5
UK-02639	EBC6
UK-02640	EBC7
UK-02641	EBC8
UK-02642	EBA7
UK-02643	EBA8
UK-02644	EBA9
UK-02645	EBAA
UK-02646	EBC9
UK-02647	F481
UK-02648	EBCA
UK-02649	F482
UK-02651	EF99
UK-02652	EB78
UK-02653	EBAB
UK-02654	EBCB
UK-02655	EBCC
UK-02656	EBAC
UK-02657	EBCD
UK-02658	EBCE
UK-02659	EBCF
UK-02660	EBD1
UK-02661	EBD2
UK-02662	F483
UK-02663	EBD3
UK-02664	EBD4
UK-02665	EBD5
UK-02666	EBD6
UK-02667	EB94
UK-02668	EBD7
UK-02669	EBD8
UK-02670	EBD9
UK-02671	EBDA
UK-02672	EB79
UK-02673	EB7A
UK-02674	EB95
UK-02675	EB93
UK-02676	F485
UK-02677	EBDB
UK-02678	EBAE
UK-02679	EB7B
UK-02680	EBAF
UK-02681	F486
UK-02682	EB7C
UK-02683	EBB0
UK-02684	EBB1
UK-02685	EBB2
UK-02686	EBB3
UK-02687	EBB4
UK-02688	EBB5
UK-02689	F487
UK-02690	EB98
UK-02691	F488
UK-02692	EBB6
UK-02693	F489
UK-02694	EB97
UK-02695	EBDC
UK-02696	EB8C
UK-02697	EBB7
UK-02698	F48A
UK-02699	F48B
UK-02700	F48C
UK-02701	F48D
UK-02702	F48E
UK-02703	F48F
UK-02704	EBB8
UK-02705	EBDD
UK-02706	EBDE
UK-02707	EBDF
UK-02708	EBE0
UK-02709	F491
UK-02710	EBE1
UK-02711	EB62
UK-02712	EFCE
UK-02713	EFCF
UK-02714	EFD0
UK-02715	EFD1
UK-02716	EFD2
UK-02717	EFD3
UK-02718	EFD4
UK-02719	EFD5
UK-02720	EFD6
UK-02721	EFD7
UK-02722	EFD8
UK-02723	EFD9
UK-02724	EFDA
UK-02725	EFDB
UK-02726	EFDC
UK-02727	EFDD
UK-02728	EFDE
UK-02729	EFDF
UK-02730	F288
UK-02731	EFE0
UK-02732	EFE1
UK-02733	EFE2
UK-02734	EFE3
UK-02735	EFE4
UK-02736	EFE5
UK-02737	EFE6
UK-02738	F29F
UK-02739	EFE7
UK-02740	EFE8
UK-02741	EFE9
UK-02742	EFEA
UK-02743	EFEB
UK-02744	EFEC
UK-02745	EFED
UK-02746	EFEE
UK-02747	EFEF
UK-02748	EFF0
UK-02749	EFF1
UK-02750	EFF2
UK-02751	EFF3
UK-02752	EFF4
UK-02753	EFF5
UK-02754	EFF6
UK-02755	EFF7
UK-02756	EFF8
UK-02757	EFF9
UK-02758	EFFA
UK-02759	EFFB
UK-02760	EFFC
UK-02761	EFFD
UK-02762	EFFE
UK-02763	EFFF
UK-02764	EFC8
UK-02765	EB92
UK-02766	F4C3
UK-02767	EB91
UK-02768	EB8E
UK-02769	EB00
UK-02770	F4DA
UK-02771	EB01
UK-02772	EB02
UK-02773	EB7F
UK-02774	EB03
UK-02775	EB04
UK-02777	EB06
UK-02778	EB07
UK-02779	EB90
UK-02780	EB08
UK-02783	EB0B
UK-02784	EB0C
UK-02785	EB0D
UK-02786	EB0E
UK-02787	EB0F
UK-02788	EB10
UK-02789	EB11
UK-02790	EB12
UK-02791	EB13
UK-02792	EB14
UK-02793	EB15
UK-02794	EB16
UK-02795	EB17
UK-02796	EBE5
UK-02797	EBE4
UK-02798	EB18
UK-02799	EB19
UK-02800	EFC9
UK-02801	EB1A
UK-02802	EB1B
UK-02803	EB1C
UK-02804	EB1D
UK-02805	EB1E
UK-02806	EB1F
UK-02807	EB20
UK-02808	EB21
UK-02809	EBE2
UK-02810	EBA5
UK-02811	EB22
UK-02812	EB23
UK-02813	EB24
UK-02814	EB25
UK-02815	EB26
UK-02816	EFCA
UK-02817	F484
UK-02818	EB27
UK-02819	EB28
UK-02820	EB29
UK-02821	EB2A
UK-02822	EB2B
UK-02823	EB2C
UK-02824	EB2D
UK-02825	EB2E
UK-02826	EBE3
UK-02827	EB2F
UK-02828	EB30
UK-02829	EB31
UK-02830	EB32
UK-02831	EB33
UK-02832	EB34
UK-02833	EB35
UK-02834	EB36
UK-02835	EB37
UK-02836	EB38
UK-02837	EB39
UK-02838	EB3A
UK-02839	EB3B
UK-02840	EB3C
UK-02841	EB3D
UK-02842	EB3E
UK-02844	EB40
UK-02845	EB41
UK-02846	EFCB
UK-02847	EB42
UK-02848	EB43
UK-02849	EB44
UK-02850	EB45
UK-02851	EFCC
UK-02852	EB8F
UK-02853	EB46
UK-02854	EB47
UK-02855	EB48
UK-02856	EB49
UK-02857	EB4A
UK-02858	EB4B
UK-02859	EB4C
UK-02860	EB4D
UK-02861	EB4E
UK-02862	EB4F
UK-02863	EBA6
UK-02864	EB50
UK-02865	EB51
UK-02866	EBAD
UK-02867	EB52
UK-02868	EB53
UK-02869	EB54
UK-02870	EB55
UK-02871	EFCD
UK-02872	EB56
UK-02874	EB58
UK-02875	EB59
UK-02877	EB5B
UK-02879	EB5D
UK-02880	EB5E
UK-02881	EB5F
UK-02882	EB60
UK-02883	EB61
UK-02884	EB70
UK-02885	EFAB
UK-02886	EFAC
UK-02887	EFAD
UK-02888	EFAE
UK-02889	EFAF
UK-02890	EFB0
UK-02891	EFB1
UK-02892	EF9B
UK-02893	EFB2
UK-02894	EFB3
UK-02895	EF8D
UK-02896	EF8E
UK-02897	EF8F
UK-02898	EF90
UK-02899	EF91
UK-02900	EF92
UK-02901	EF93
UK-02902	EF94
UK-02903	EF95
UK-02904	EF96
UK-02905	EF97
UK-02906	EF98
UK-02907	EFBF
UK-02908	EB72
UK-02909	EB71
UK-02910	EB75
UK-02911	F2F1
UK-02912	F2EA
UK-02913	F5B3
UK-02914	F109
UK-02915	F2E9
UK-02916	F4E9
UK-02917	F269
UK-02918	F47E
UK-02919	EB65
UK-02920	F2E6
UK-02921	EB66
UK-02922	EB67
UK-02923	EB68
UK-02926	EB6B
UK-02930	EB6F
UK-02931	F4DB
UK-02932	F4DC
UK-02933	F4C1
UK-02934	F4C2
UK-02935	EFC6
UK-02936	EFC5
UK-02937	EFC4
UK-02938	EFBB
UK-02939	EFAA
UK-02940	EFBC
UK-02941	EFB9
UK-02942	EFBA
UK-02943	EFC0
UK-02944	EFC2
UK-02945	EB9A
UK-02946	EB9B
UK-02947	EB9C
UK-02948	EB9D
UK-02949	EB9E
UK-02950	EB73
UK-02951	EB74
UK-02952	EFC1
UK-02953	EFB7
UK-02954	EFB4
UK-02955	EB64
UK-02956	F2D6
UK-02957	F4C4
UK-02958	EE37
UK-02959	EFA7
UK-02960	F301
UK-02961	F2F9
UK-02962	F238
UK-02963	F23A
UK-02964	F2F2
UK-02965	F2F3
UK-02966	F2F4
UK-02967	F2F5
UK-02968	F2F7
